timestamp,course,motivation_required_course,motivation_keep_current,motivation_career_advancement,motivation_career_change,motivation_prof_dev,motivation_job_displacement,motivation_relocation,motivation_it_certifications,motivation_financial,motivation_enrichment,motivation_curiosity,prior_to_applying_to_college_did_you_participate_in_any_of_the_following_events_or_activities_at_the_county_college_of_morris_and_or_with_the_department_of_information_technologies_if_at_all_open_house,prior_to_applying_to_college_did_you_participate_in_any_of_the_following_events_or_activities_at_the_county_college_of_morris_and_or_with_the_department_of_information_technologies_if_at_all_instant_decision_day,prior_to_applying_to_college_did_you_participate_in_any_of_the_following_events_or_activities_at_the_county_college_of_morris_and_or_with_the_department_of_information_technologies_if_at_all_on-campus_information_session,prior_to_applying_to_college_did_you_participate_in_any_of_the_following_events_or_activities_at_the_county_college_of_morris_and_or_with_the_department_of_information_technologies_if_at_all_titans_tuesday_virtual_information_session,prior_to_applying_to_college_did_you_participate_in_any_of_the_following_events_or_activities_at_the_county_college_of_morris_and_or_with_the_department_of_information_technologies_if_at_all_women_who_dare,prior_to_applying_to_college_did_you_participate_in_any_of_the_following_events_or_activities_at_the_county_college_of_morris_and_or_with_the_department_of_information_technologies_if_at_all_regional_college_fair,to_what_extent_did_the_following_activities_or_experience_impact_your_decision_to_enroll_in_an_computing_course_at_ccm_middle_high_school_computing_class,to_what_extent_did_the_following_activities_or_experience_impact_your_decision_to_enroll_in_an_computing_course_at_ccm_middle_high_school_computing_related_club,to_what_extent_did_the_following_activities_or_experience_impact_your_decision_to_enroll_in_an_computing_course_at_ccm_computing-related_competitions_e.g._robotics_competition_lego_competition_cybersecurity_programming,to_what_extent_did_the_following_activities_or_experience_impact_your_decision_to_enroll_in_an_computing_course_at_ccm_afterschool_computing-related_camp_program,to_what_extent_did_the_following_activities_or_experience_impact_your_decision_to_enroll_in_an_computing_course_at_ccm_summer_computing_related_camp_program,to_what_extent_did_the_following_activities_or_experience_impact_your_decision_to_enroll_in_an_computing_course_at_ccm_an_ap_computing_class,to_what_extent_did_the_following_activities_or_experience_impact_your_decision_to_enroll_in_an_computing_course_at_ccm_a_dual_enrollment_computing_class,to_what_extent_did_the_following_activities_or_experience_impact_your_decision_to_enroll_in_an_computing_course_at_ccm_family_or_friend_influence,to_what_extent_did_the_following_activities_or_experience_impact_your_decision_to_enroll_in_an_computing_course_at_ccm_family_or_friend_working_in_the_computing_field,to_what_extent_did_the_following_activities_or_experience_impact_your_decision_to_enroll_in_an_computing_course_at_ccm_high_school_teacher_or_guidance_counselor,to_what_extent_did_the_following_activities_or_experience_impact_your_decision_to_enroll_in_an_computing_course_at_ccm_employer_influence,how_did_you_hear_about_county_college_of_morris_ccm_web_site,how_did_you_hear_about_county_college_of_morris_billboard,how_did_you_hear_about_county_college_of_morris_television,how_did_you_hear_about_county_college_of_morris_radio,how_did_you_hear_about_county_college_of_morris_social_media,how_did_you_hear_about_county_college_of_morris_community_event,how_did_you_hear_about_county_college_of_morris_family_member_or_friend,how_did_you_hear_about_county_college_of_morris_employer,how_did_you_hear_about_county_college_of_morris_current_student,how_did_you_hear_about_county_college_of_morris_alumni,how_did_you_hear_about_county_college_of_morris_high_school,to_what_extent_did_the_following_impact_your_decision_to_attend_county_college_of_morris_affordable_cost,to_what_extent_did_the_following_impact_your_decision_to_attend_county_college_of_morris_location_convenience,to_what_extent_did_the_following_impact_your_decision_to_attend_county_college_of_morris_choice_of_programs,to_what_extent_did_the_following_impact_your_decision_to_attend_county_college_of_morris_online_offerings,to_what_extent_did_the_following_impact_your_decision_to_attend_county_college_of_morris_family_friend_referral,to_what_extent_did_the_following_impact_your_decision_to_attend_county_college_of_morris_faculty_staff,to_what_extent_did_the_following_impact_your_decision_to_attend_county_college_of_morris_college_reputation,to_what_extent_did_the_following_impact_your_decision_to_attend_county_college_of_morris_scholarships,to_what_extent_did_the_following_impact_your_decision_to_attend_county_college_of_morris_transfer_student,to_what_extent_did_the_following_impact_your_decision_to_attend_county_college_of_morris_small_class_sizes,to_what_extent_did_the_following_impact_your_decision_to_attend_county_college_of_morris_extra_curricula_opportunities,what_degree_program_are_you_currently_enrolled_in,did_you_receive_information_about_our_computing_course_from_any_of_the_following_sources_high_school_guidance_counselor,did_you_receive_information_about_our_computing_course_from_any_of_the_following_sources_ccm_information_technologies_website,did_you_receive_information_about_our_computing_course_from_any_of_the_following_sources_ccm_admissions,did_you_receive_information_about_our_computing_course_from_any_of_the_following_sources_ccm_advisor_counselor,did_you_receive_information_about_our_computing_course_from_any_of_the_following_sources_employer,did_you_receive_information_about_our_computing_course_from_any_of_the_following_sources_other,on_a_scale_of_1_to_5_with_1_being_not_at_all_interested_and_5_being_extremely_interested_how_interested_are_you_taking_more_courses_in_computer_science_information_technology_or_game_development,interest_web_development,interest_cybersecurity,interest_app_development,interest_data_analytics,interest_ml_ai,interest_programming,interest_game_design,interest_hardware_repair,gender,race,age
2024/09/10 10:47:35 AM AST,cmp 126 computer technology and applications,No,Yes,Yes,Yes,Yes,No,No,No,Yes,Yes,Yes,Yes,Yes,No,No,No,Yes,No Impact,No Impact,High Impact,,,,,Some Impact,,High Impact,,No,No,No,No,No,Yes,Yes,No,Yes,Yes,Yes,High Impact,High Impact,High Impact,High Impact,High Impact,Some Impact,High Impact,High Impact,High Impact,No Impact,No Impact,Liberal Arts,Yes,Yes,Yes,Yes,No,Don't recall,2,Yes,Yes,No,No,No,No,No,No,prefer not to say,hispanic or latino;black/african american;white/caucasian;multi-racial,19-20
2024/09/10 11:00:05 AM AST,cmp 126 computer technology and applications,Yes,Yes,Yes,No,Yes,Yes,No,No,Yes,Yes,Yes,No,No,No,No,No,No,Some Impact,Some Impact,Some Impact,Some Impact,Some Impact,Some Impact,Some Impact,Some Impact,Some Impact,Some Impact,Some Impact,Yes,No,No,No,Yes,No,Yes,No,Yes,No,No,High Impact,High Impact,High Impact,High Impact,High Impact,High Impact,High Impact,High Impact,,High Impact,High Impact,child psychology ,No,No,No,No,No,No,3,No,Yes,Yes,Yes,Yes,Yes,No,No,woman,hispanic or latino,19-20
2024/09/10 11:02:51 AM AST,cmp 126 computer technology and applications,Yes,Yes,Yes,Yes,Yes,Yes,Yes,No,Yes,No,No,Not Sure,Not Sure,Not Sure,Not Sure,Not Sure,Not Sure,,,No Impact,,,,,,,,,Yes,No,No,No,No,No,No,No,No,No,No,,No Impact,No Impact,No Impact,No Impact,No Impact,No Impact,,No Impact,No Impact,No Impact,Broadcasting Arts and Technology,Yes,Don't recall,Don't recall,Don't recall,Don't recall,Don't recall,5,Yes,No,Yes,No,Yes,Yes,Yes,Yes,man,choose not to reply,18 and younger
2024/09/10 11:05:25 AM AST,cmp 126 computer technology and applications,No,Yes,No,No,No,No,No,No,No,No,No,Yes,No,No,No,No,No,No Impact,No Impact,No Impact,No Impact,No Impact,No Impact,No Impact,No Impact,No Impact,No Impact,No Impact,No,No,No,No,No,No,Yes,No,Yes,Yes,Yes,Some Impact,High Impact,Some Impact,No Impact,High Impact,Some Impact,No Impact,No Impact,No Impact,No Impact,No Impact,analyst,No,No,Don't recall,No,Yes,No,3,No,No,No,Yes,No,No,Yes,No,man,hispanic or latino,19-20
2024/09/10 8:37:36 PM AST,cmp 101 computer information literacy,Yes,Yes,Yes,No,Yes,No,No,No,No,Yes,Yes,No,No,No,No,No,No,Some Impact,No Impact,,,,,,Some Impact,,,Some Impact,Yes,Yes,Yes,No,Yes,Yes,Yes,Yes,Yes,Yes,Yes,High Impact,High Impact,High Impact,High Impact,High Impact,High Impact,High Impact,High Impact,High Impact,High Impact,High Impact,Journalism,No,No,Yes,Yes,Don't recall,Don't recall,3,No,No,No,No,No,No,No,No,woman,white/caucasian,19-20
2024/09/10 9:29:27 PM AST,cmp 101 computer information literacy,Yes,Yes,No,No,No,No,No,No,Yes,Yes,Yes,No,No,No,Yes,No,No,Some Impact,Some Impact,High Impact,High Impact,Some Impact,Some Impact,Some Impact,High Impact,Some Impact,Some Impact,High Impact,Yes,No,No,No,Yes,No,Yes,No,Yes,No,Yes,Some Impact,Some Impact,Some Impact,High Impact,High Impact,High Impact,High Impact,Some Impact,High Impact,No Impact,No Impact,Liberal Arts,Yes,Yes,No,Yes,No,No,3,Yes,No,Yes,No,No,No,Yes,No,woman,white/caucasian,19-20
2024/09/10 10:52:37 PM AST,cmp 101 computer information literacy,No,Yes,Yes,No,Yes,No,No,No,No,Yes,Yes,Not Sure,No,Not Sure,No,No,No,No Impact,No Impact,No Impact,No Impact,No Impact,No Impact,No Impact,High Impact,Some Impact,No Impact,No Impact,No,No,No,No,No,No,Yes,No,No,No,Yes,Some Impact,Some Impact,High Impact,,Some Impact,No Impact,No Impact,No Impact,No Impact,No Impact,No Impact,Early Childhood Education,No,No,No,No,No,Yes,3,No,No,No,No,No,No,Yes,No,woman,hispanic or latino,19-20
2024/09/11 10:54:10 AM AST,cmp 101 computer information literacy,Yes,Yes,Yes,No,Yes,No,No,No,No,No,No,No,No,No,No,No,No,No Impact,No Impact,No Impact,No Impact,No Impact,No Impact,No Impact,No Impact,No Impact,High Impact,Some Impact,Yes,No,No,No,No,No,Yes,No,Yes,No,No,Some Impact,No Impact,High Impact,No Impact,High Impact,No Impact,Some Impact,No Impact,No Impact,High Impact,No Impact,Nursing,No,No,No,Yes,No,No,3,No,No,No,No,No,No,No,No,woman,hispanic or latino;black/african american,18 and younger
2024/09/11 12:40:52 PM AST,cmp 126 computer technology and applications,Yes,No,No,No,No,No,No,No,No,No,No,No,No,No,No,No,No,No Impact,No Impact,No Impact,No Impact,No Impact,No Impact,No Impact,No Impact,No Impact,No Impact,No Impact,No,No,No,No,No,Yes,Yes,No,Yes,Yes,Yes,High Impact,High Impact,High Impact,Some Impact,High Impact,No Impact,High Impact,No Impact,No Impact,No Impact,No Impact,Liberal Arts,No,No,No,Yes,No,No,2,No,No,No,Yes,No,No,No,Yes,woman,white/caucasian,19-20
2024/09/11 7:06:45 PM AST,cmp 101 computer information literacy,Yes,No,No,No,No,No,No,No,No,No,No,No,No,No,No,No,No,No Impact,No Impact,No Impact,No Impact,No Impact,No Impact,No Impact,No Impact,No Impact,No Impact,No Impact,No,No,No,No,No,No,No,No,No,No,Yes,High Impact,Some Impact,No Impact,No Impact,No Impact,No Impact,Some Impact,No Impact,High Impact,No Impact,No Impact,Liberal Arts,No,No,No,No,No,No,1,No,No,No,No,No,No,No,No,woman,white/caucasian,19-20
2024/09/11 8:16:57 PM AST,cmp 101 computer information literacy,Yes,Yes,Yes,No,No,No,No,No,No,No,No,No,No,No,No,No,No,No Impact,Some Impact,High Impact,High Impact,Some Impact,Some Impact,Some Impact,High Impact,Some Impact,Some Impact,Some Impact,Yes,No,No,No,No,No,Yes,No,No,No,No,High Impact,High Impact,High Impact,High Impact,No Impact,No Impact,High Impact,No Impact,No Impact,No Impact,No Impact,Nursing,No,No,No,No,No,No,2,Yes,No,Yes,No,No,Yes,No,No,woman,asian,25-34
2024/09/12 9:34:01 AM AST,cmp 135 computer concepts with applications,Yes,Yes,No,No,Yes,No,No,No,No,No,No,No,No,Yes,No,No,No,No Impact,No Impact,No Impact,No Impact,No Impact,No Impact,No Impact,No Impact,No Impact,No Impact,No Impact,No,No,No,No,No,No,No,No,Yes,No,No,High Impact,High Impact,High Impact,No Impact,Some Impact,No Impact,Some Impact,No Impact,High Impact,High Impact,Some Impact,Radiography,No,No,Yes,No,No,No,2,No,No,No,No,No,No,No,No,woman,hispanic or latino;white/caucasian,21-24
2024/09/12 9:34:06 AM AST,cmp 135 computer concepts with applications,Yes,Yes,No,No,Yes,No,No,No,No,No,No,No,No,Yes,No,No,No,No Impact,No Impact,No Impact,No Impact,No Impact,No Impact,No Impact,No Impact,No Impact,No Impact,No Impact,No,No,No,No,No,No,No,No,Yes,No,No,High Impact,High Impact,High Impact,No Impact,Some Impact,No Impact,Some Impact,No Impact,High Impact,High Impact,Some Impact,Radiography,No,No,Yes,No,No,No,2,No,No,No,No,No,No,No,No,woman,hispanic or latino;white/caucasian,21-24
2024/09/12 10:29:04 AM AST,cmp 135 computer concepts with applications,Yes,Yes,Yes,No,Yes,No,No,No,No,No,No,No,No,Yes,Yes,No,No,Some Impact,Some Impact,No Impact,No Impact,No Impact,No Impact,No Impact,No Impact,No Impact,No Impact,No Impact,No,No,No,No,No,No,Yes,No,No,No,No,Some Impact,Some Impact,High Impact,High Impact,High Impact,Some Impact,Some Impact,Some Impact,High Impact,Some Impact,Some Impact,Radiography,Don't recall,No,No,No,No,No,1,No,No,No,No,No,No,No,No,woman,white/caucasian,21-24
2024/09/12 11:29:38 AM AST,cmp 135 computer concepts with applications,Yes,No,Yes,No,Yes,No,No,No,No,No,No,No,No,No,No,No,No,No Impact,No Impact,No Impact,No Impact,No Impact,No Impact,No Impact,No Impact,No Impact,No Impact,No Impact,No,No,No,No,No,No,Yes,No,No,No,No,High Impact,High Impact,Some Impact,No Impact,No Impact,No Impact,Some Impact,No Impact,No Impact,Some Impact,Some Impact,Radiography,No,No,Yes,No,No,No,2,No,No,No,No,No,No,Yes,No,non-binary,white/caucasian,18 and younger
2024/09/12 11:30:15 AM AST,cmp 135 computer concepts with applications,Yes,Yes,Yes,No,Yes,Yes,No,No,No,Yes,Yes,No,No,No,No,No,No,No Impact,No Impact,No Impact,No Impact,No Impact,No Impact,No Impact,Some Impact,Some Impact,No Impact,Some Impact,No,No,No,No,No,No,No,No,No,No,Yes,Some Impact,Some Impact,High Impact,Some Impact,No Impact,Some Impact,Some Impact,No Impact,No Impact,No Impact,No Impact,Exercise Science,No,No,Don't recall,Don't recall,No,No,2,No,No,No,No,Yes,No,No,No,man,white/caucasian,19-20
2024/09/12 11:30:18 AM AST,cmp 135 computer concepts with applications,Yes,Yes,Yes,No,No,Yes,No,No,No,No,No,No,No,No,No,No,No,No Impact,No Impact,No Impact,No Impact,No Impact,No Impact,No Impact,High Impact,Some Impact,No Impact,No Impact,No,No,No,No,No,No,Yes,No,Yes,Yes,Yes,High Impact,No Impact,High Impact,No Impact,Some Impact,Some Impact,No Impact,No Impact,No Impact,No Impact,No Impact,Radiography,No,No,No,No,No,No,2,No,No,No,No,No,No,No,No,woman,white/caucasian,18 and younger
2024/09/12 11:30:21 AM AST,cmp 135 computer concepts with applications,Yes,Yes,No,No,No,Yes,No,No,Yes,Yes,No,No,No,No,No,No,No,No Impact,No Impact,No Impact,No Impact,No Impact,No Impact,No Impact,No Impact,No Impact,No Impact,No Impact,No,No,No,No,Yes,No,Yes,Yes,Yes,Yes,Yes,High Impact,High Impact,Some Impact,No Impact,Some Impact,No Impact,High Impact,Some Impact,High Impact,No Impact,No Impact,Exercise Science,No,No,No,No,No,No,2,No,No,No,No,No,No,No,No,man,white/caucasian,18 and younger
2024/09/12 11:30:23 AM AST,cmp 135 computer concepts with applications,Yes,Yes,Yes,Yes,Yes,No,No,No,No,No,No,No,No,Yes,No,No,No,No Impact,No Impact,No Impact,No Impact,No Impact,No Impact,No Impact,No Impact,No Impact,No Impact,No Impact,No,No,No,No,No,No,Yes,No,Yes,No,No,Some Impact,High Impact,High Impact,No Impact,High Impact,No Impact,Some Impact,No Impact,No Impact,No Impact,No Impact,Radiography,No,No,No,No,No,No,4,Yes,No,Yes,No,Yes,Yes,Yes,Yes,woman,hispanic or latino,18 and younger
2024/09/12 11:30:37 AM AST,cmp 135 computer concepts with applications,Yes,Yes,Yes,No,No,No,No,No,No,Yes,No,No,No,No,No,No,No,Some Impact,No Impact,No Impact,No Impact,No Impact,No Impact,No Impact,No Impact,No Impact,No Impact,No Impact,Yes,No,No,No,No,No,Yes,No,No,Yes,Yes,High Impact,High Impact,High Impact,No Impact,Some Impact,No Impact,Some Impact,High Impact,No Impact,No Impact,No Impact,Engineering Science,No,No,No,No,No,No,2,No,No,No,Yes,Yes,Yes,No,Yes,man,asian;black/african american,19-20
2024/09/12 11:30:41 AM AST,cmp 135 computer concepts with applications,Yes,No,No,No,No,No,No,No,No,No,No,Yes,No,No,Yes,No,No,No Impact,No Impact,No Impact,No Impact,No Impact,No Impact,No Impact,No Impact,No Impact,No Impact,No Impact,No,No,No,No,No,No,Yes,No,No,No,Yes,High Impact,High Impact,No Impact,No Impact,High Impact,No Impact,No Impact,No Impact,No Impact,No Impact,No Impact,Radiography,No,Yes,No,Yes,No,No,3,No,No,No,No,No,No,No,No,woman,white/caucasian,18 and younger
2024/09/12 11:30:44 AM AST,cmp 135 computer concepts with applications,Yes,No,No,No,No,No,No,No,No,No,No,Yes,No,Yes,No,No,No,No Impact,No Impact,No Impact,No Impact,No Impact,No Impact,No Impact,High Impact,No Impact,No Impact,No Impact,No,No,No,No,No,No,Yes,No,No,No,No,High Impact,No Impact,High Impact,No Impact,No Impact,No Impact,No Impact,High Impact,No Impact,No Impact,No Impact,Engineering Science,No,No,No,No,No,No,2,No,No,No,No,No,No,No,No,man,asian;white/caucasian,19-20
2024/09/12 11:30:59 AM AST,cmp 135 computer concepts with applications,Yes,Yes,No,No,Yes,No,No,No,No,No,No,No,No,No,No,No,No,No Impact,No Impact,No Impact,No Impact,No Impact,No Impact,No Impact,No Impact,No Impact,No Impact,No Impact,No,No,No,No,No,No,No,No,No,No,Yes,High Impact,High Impact,High Impact,No Impact,No Impact,No Impact,High Impact,No Impact,No Impact,Some Impact,No Impact,Radiography,No,No,No,No,No,No,2,No,No,No,No,No,No,No,No,man,white/caucasian,25-34
2024/09/12 11:31:09 AM AST,cmp 101 computer information literacy,Yes,Yes,Yes,No,Yes,No,No,No,Yes,Yes,Yes,No,No,No,No,No,No,No Impact,No Impact,No Impact,No Impact,No Impact,No Impact,No Impact,No Impact,No Impact,No Impact,No Impact,No,No,No,No,No,No,Yes,No,No,No,No,High Impact,High Impact,High Impact,No Impact,High Impact,No Impact,No Impact,No Impact,No Impact,No Impact,No Impact,Radiography,No,No,No,No,No,No,3,No,Yes,No,No,No,No,No,No,man,hispanic or latino,25-34
2024/09/12 11:31:20 AM AST,cmp 135 computer concepts with applications,Yes,Yes,Yes,No,Yes,No,No,No,No,No,Yes,No,No,No,No,No,No,Some Impact,,High Impact,,,,Some Impact,,,,,Yes,No,No,No,No,No,No,No,Yes,No,Yes,Some Impact,Some Impact,High Impact,High Impact,No Impact,,,,Some Impact,,,Radiography,Yes,Don't recall,Don't recall,Don't recall,Don't recall,Don't recall,5,Yes,Yes,No,Yes,No,Yes,No,Yes,woman,hispanic or latino,19-20
2024/09/12 11:31:27 AM AST,cmp 135 computer concepts with applications,Yes,Yes,Yes,No,No,No,No,No,No,Yes,Yes,Yes,No,Not Sure,No,No,No,No Impact,No Impact,No Impact,No Impact,No Impact,No Impact,No Impact,No Impact,No Impact,No Impact,Some Impact,No,No,No,No,No,No,Yes,No,No,No,No,High Impact,Some Impact,High Impact,No Impact,Some Impact,Some Impact,No Impact,No Impact,No Impact,No Impact,No Impact,Music Technology,No,No,Don't recall,Don't recall,Yes,No,2,No,No,No,No,No,No,Yes,No,man,hispanic or latino;white/caucasian,18 and younger
2024/09/12 11:31:56 AM AST,cmp 135 computer concepts with applications,Yes,No,No,No,Yes,No,No,No,No,Yes,No,No,No,No,No,No,No,No Impact,No Impact,No Impact,No Impact,No Impact,No Impact,No Impact,No Impact,No Impact,No Impact,No Impact,No,No,No,No,No,No,Yes,No,Yes,Yes,Yes,High Impact,Some Impact,High Impact,No Impact,Some Impact,No Impact,Some Impact,Some Impact,No Impact,Some Impact,No Impact,Nursing,No,No,Yes,No,No,No,2,Yes,Yes,Yes,No,No,No,Yes,No,woman,white/caucasian,19-20
2024/09/12 11:32:08 AM AST,cmp 135 computer concepts with applications,Yes,Yes,Yes,No,Yes,No,No,No,Yes,Yes,Yes,Yes,No,Yes,No,No,No,No Impact,No Impact,No Impact,No Impact,No Impact,No Impact,No Impact,No Impact,No Impact,No Impact,No Impact,No,No,No,No,No,No,No,No,Yes,Yes,Yes,High Impact,High Impact,Some Impact,No Impact,Some Impact,Some Impact,Some Impact,Some Impact,No Impact,Some Impact,No Impact,Engineering Science,No,No,No,No,No,No,2,No,No,No,No,No,Yes,No,No,man,white/caucasian,19-20
2024/09/12 11:32:22 AM AST,cmp 135 computer concepts with applications,Yes,Yes,Yes,Yes,Yes,No,Yes,No,Yes,Yes,Yes,No,No,Yes,No,No,No,No Impact,No Impact,No Impact,No Impact,No Impact,No Impact,No Impact,Some Impact,No Impact,No Impact,No Impact,Yes,No,No,No,No,No,Yes,No,Yes,No,Yes,High Impact,Some Impact,High Impact,High Impact,High Impact,No Impact,Some Impact,Some Impact,High Impact,High Impact,High Impact,Radiography,No,Yes,Yes,Yes,No,No,3,Yes,Yes,Yes,No,Yes,Yes,Yes,Yes,man,asian;white/caucasian,25-34
2024/09/12 11:32:31 AM AST,cmp 135 computer concepts with applications,Yes,Yes,Yes,No,Yes,No,No,No,No,Yes,Yes,No,No,No,Yes,No,No,Some Impact,Some Impact,No Impact,No Impact,No Impact,No Impact,No Impact,No Impact,No Impact,No Impact,No Impact,No,Yes,No,No,No,No,Yes,No,Yes,No,Yes,High Impact,High Impact,High Impact,High Impact,No Impact,Some Impact,Some Impact,Some Impact,No Impact,Some Impact,Some Impact,Radiography,No,No,Yes,Yes,No,No,2,No,No,No,Yes,No,No,No,No,woman,hispanic or latino,21-24
2024/09/12 11:32:42 AM AST,cmp 135 computer concepts with applications,Yes,Yes,No,No,Yes,Yes,No,No,No,No,No,No,No,No,No,No,Not Sure,Some Impact,No Impact,No Impact,No Impact,No Impact,No Impact,No Impact,Some Impact,Some Impact,No Impact,Some Impact,No,No,No,No,Yes,No,Yes,Yes,Yes,No,No,,High Impact,No Impact,Some Impact,High Impact,No Impact,No Impact,High Impact,No Impact,No Impact,No Impact,Radiography,No,Yes,Yes,Yes,No,No,2,No,No,No,No,No,No,No,No,woman,hispanic or latino,21-24
2024/09/12 11:32:44 AM AST,cmp 135 computer concepts with applications,Yes,No,Yes,No,Yes,No,No,No,No,Yes,Yes,No,No,No,No,No,No,No Impact,,Some Impact,,,,,Some Impact,Some Impact,Some Impact,Some Impact,Yes,No,No,No,Yes,No,Yes,Yes,Yes,No,Yes,High Impact,Some Impact,High Impact,No Impact,Some Impact,No Impact,Some Impact,No Impact,No Impact,No Impact,Some Impact,Radiography,No,No,No,No,Yes,Yes,4,No,Yes,No,Yes,No,No,Yes,No,woman,hispanic or latino;white/caucasian,18 and younger
2024/09/12 11:33:25 AM AST,cmp 135 computer concepts with applications,Yes,Yes,Yes,No,Yes,No,No,No,Yes,Yes,Yes,Yes,No,Yes,No,No,No,Some Impact,High Impact,Some Impact,No Impact,No Impact,No Impact,No Impact,Some Impact,Some Impact,Some Impact,No Impact,Yes,No,No,No,Yes,Yes,Yes,No,No,No,Yes,High Impact,Some Impact,High Impact,Some Impact,High Impact,No Impact,No Impact,No Impact,No Impact,Some Impact,No Impact,Radiography,No,No,No,No,No,No,1,Yes,No,Yes,No,Yes,No,Yes,No,woman,american indian/native american/alaska native;white/caucasian,18 and younger
2024/09/12 12:41:01 PM AST,cmp 101 computer information literacy,Yes,Yes,Yes,Yes,Yes,Yes,No,No,Yes,No,Yes,No,No,Not Sure,No,No,No,No Impact,No Impact,No Impact,No Impact,No Impact,No Impact,No Impact,High Impact,High Impact,High Impact,High Impact,No,No,No,No,No,No,Yes,Yes,No,No,No,High Impact,No Impact,Some Impact,No Impact,High Impact,High Impact,High Impact,High Impact,No Impact,Some Impact,High Impact,Liberal Arts,No,No,No,No,Yes,No,3,No,Yes,No,Yes,No,No,No,Yes,man,white/caucasian,35-64
2024/09/12 3:57:02 PM AST,cmp 101 computer information literacy,No,Yes,Yes,No,Yes,No,No,No,No,Yes,Yes,No,No,No,No,No,No,No Impact,No Impact,No Impact,No Impact,No Impact,No Impact,No Impact,High Impact,Some Impact,No Impact,High Impact,No,No,No,No,No,No,Yes,No,Yes,No,No,High Impact,No Impact,High Impact,High Impact,High Impact,No Impact,Some Impact,No Impact,No Impact,High Impact,No Impact,"Nursing, but not at CCM - I am a visiting student ",No,Yes,No,No,No,Yes,1,No,Yes,No,No,No,No,No,No,woman,hispanic or latino;white/caucasian;multi-racial,21-24
2024/09/12 8:04:41 PM AST,cmp 135 computer concepts with applications,Yes,Yes,Yes,Yes,Yes,Yes,Yes,No,Yes,Yes,Yes,No,No,No,No,No,No,Some Impact,No Impact,No Impact,No Impact,No Impact,No Impact,No Impact,No Impact,No Impact,No Impact,High Impact,Yes,No,No,No,No,No,Yes,Yes,No,Yes,Yes,High Impact,High Impact,High Impact,No Impact,No Impact,No Impact,No Impact,High Impact,No Impact,No Impact,No Impact,Radiography,No,No,No,No,Yes,No,1,No,No,No,No,No,No,No,No,man,white/caucasian,19-20
2024/09/12 8:04:45 PM AST,cmp 135 computer concepts with applications,Yes,Yes,Yes,Yes,Yes,No,No,No,Yes,Yes,Yes,No,No,No,No,No,No,No Impact,No Impact,No Impact,No Impact,No Impact,No Impact,No Impact,No Impact,No Impact,No Impact,No Impact,Yes,No,No,No,No,No,Yes,No,No,Yes,Yes,Some Impact,High Impact,High Impact,No Impact,Some Impact,Some Impact,Some Impact,No Impact,High Impact,No Impact,No Impact,Radiography,No,No,Yes,Yes,No,No,3,Yes,No,Yes,No,No,No,No,No,man,black/african american,21-24
2024/09/12 8:04:48 PM AST,cmp 135 computer concepts with applications,Yes,No,No,No,No,No,No,No,No,No,No,No,No,No,No,No,No,No Impact,No Impact,No Impact,No Impact,No Impact,No Impact,No Impact,No Impact,No Impact,No Impact,No Impact,No,No,No,No,No,No,No,No,No,No,Yes,,,,,,,,,,,,Liberal Arts,No,Yes,No,No,No,No,1,No,No,No,No,No,No,No,No,man,white/caucasian,19-20
2024/09/12 8:04:56 PM AST,cmp 135 computer concepts with applications,No,Yes,Yes,No,Yes,No,No,No,Yes,Yes,Yes,No,No,No,No,No,No,Some Impact,No Impact,Some Impact,Some Impact,High Impact,No Impact,No Impact,Some Impact,No Impact,No Impact,No Impact,Yes,No,No,No,No,No,Yes,No,Yes,No,Yes,High Impact,High Impact,Some Impact,Some Impact,High Impact,No Impact,Some Impact,High Impact,Some Impact,High Impact,No Impact,Psychology,No,No,No,No,No,No,3,No,Yes,No,No,No,No,No,No,woman,white/caucasian,19-20
2024/09/12 8:05:15 PM AST,cmp 135 computer concepts with applications,Yes,No,No,Yes,Yes,Yes,No,No,Yes,Yes,No,No,No,No,No,No,No,No Impact,No Impact,No Impact,No Impact,No Impact,No Impact,No Impact,No Impact,No Impact,No Impact,No Impact,No,No,No,No,No,No,No,No,No,No,Yes,High Impact,High Impact,High Impact,High Impact,No Impact,No Impact,No Impact,No Impact,No Impact,No Impact,No Impact,Radiography,No,No,No,No,No,No,2,No,No,No,No,Yes,No,No,No,woman,hispanic or latino,19-20
2024/09/12 8:05:28 PM AST,cmp 135 computer concepts with applications,Yes,Yes,Yes,No,Yes,Yes,Yes,No,No,Yes,Yes,No,No,No,No,No,No,No Impact,Some Impact,No Impact,No Impact,No Impact,No Impact,No Impact,Some Impact,High Impact,No Impact,High Impact,Yes,No,No,No,Yes,Yes,Yes,No,No,No,Yes,High Impact,High Impact,High Impact,No Impact,No Impact,No Impact,No Impact,High Impact,No Impact,High Impact,High Impact,Nursing,No,Yes,Yes,No,No,No,5,Yes,No,No,No,Yes,Yes,No,No,woman,hispanic or latino,21-24
2024/09/12 8:05:31 PM AST,cmp 135 computer concepts with applications,Yes,Yes,No,No,Yes,No,No,No,No,No,No,No,No,No,No,No,No,,,,,,,,High Impact,High Impact,,,Yes,No,No,No,Yes,No,Yes,No,Yes,Yes,Yes,Some Impact,High Impact,High Impact,No Impact,High Impact,,Some Impact,,,Some Impact,No Impact,Radiography,No,No,Yes,No,No,No,5,No,Yes,No,No,Yes,No,Yes,No,woman,hispanic or latino;asian;white/caucasian,18 and younger
2024/09/12 8:05:34 PM AST,cmp 135 computer concepts with applications,Yes,No,No,No,Yes,No,No,No,No,No,Yes,Yes,Yes,Yes,No,No,No,No Impact,No Impact,No Impact,No Impact,No Impact,No Impact,No Impact,Some Impact,No Impact,No Impact,No Impact,Yes,No,No,No,Yes,Yes,Yes,No,Yes,No,Yes,High Impact,High Impact,High Impact,High Impact,High Impact,No Impact,Some Impact,High Impact,No Impact,High Impact,High Impact,Criminal Justice,No,No,No,No,No,No,1,No,No,No,No,No,No,No,No,woman,black/african american,19-20
2024/09/12 8:05:42 PM AST,cmp 135 computer concepts with applications,Yes,Yes,Yes,No,Yes,No,No,No,No,No,No,No,No,No,No,No,No,No Impact,No Impact,No Impact,No Impact,No Impact,No Impact,Some Impact,Some Impact,No Impact,Some Impact,No Impact,No,No,No,No,No,No,Yes,No,Yes,No,Yes,Some Impact,High Impact,Some Impact,No Impact,Some Impact,No Impact,No Impact,No Impact,No Impact,No Impact,No Impact,Not in a degree program,Yes,No,No,Yes,No,No,1,No,No,No,No,No,No,No,No,woman,hispanic or latino,18 and younger
2024/09/12 8:05:49 PM AST,cmp 135 computer concepts with applications,Yes,Yes,Yes,Yes,Yes,No,No,No,No,Yes,Yes,No,No,No,No,No,No,No Impact,No Impact,No Impact,No Impact,No Impact,No Impact,No Impact,No Impact,No Impact,No Impact,No Impact,Yes,No,No,No,No,No,No,No,No,No,No,No Impact,Some Impact,High Impact,Some Impact,No Impact,No Impact,Some Impact,Some Impact,Some Impact,Some Impact,,Radiography,No,No,No,No,No,No,5,Yes,Yes,Yes,Yes,Yes,Yes,Yes,Yes,woman,choose not to reply,25-34
2024/09/12 8:06:05 PM AST,cmp 135 computer concepts with applications,Yes,Yes,Yes,No,Yes,No,No,No,No,Yes,Yes,No,No,No,No,No,No,Some Impact,Some Impact,,,,,,,,,High Impact,No,No,No,No,No,No,Yes,No,No,No,No,High Impact,High Impact,High Impact,High Impact,,,High Impact,High Impact,,High Impact,,Exercise Science,No,No,No,Yes,No,No,3,Yes,No,Yes,Yes,Yes,Yes,No,No,woman,hispanic or latino,21-24
2024/09/12 8:06:11 PM AST,cmp 135 computer concepts with applications,Yes,Yes,Yes,Yes,Yes,No,No,No,No,No,No,No,No,No,No,No,No,Some Impact,Some Impact,,,,,,,,,,No,No,No,No,No,No,Yes,No,Yes,No,No,High Impact,High Impact,High Impact,High Impact,High Impact,,,No Impact,High Impact,Some Impact,Some Impact,Exercise Science,Don't recall,Don't recall,Don't recall,Don't recall,Don't recall,Don't recall,3,No,No,No,No,No,No,No,No,woman,hispanic or latino,21-24
2024/09/12 8:06:14 PM AST,cmp 101 computer information literacy,Yes,Yes,Yes,No,Yes,No,No,No,Yes,Yes,Yes,No,No,No,No,No,No,High Impact,No Impact,No Impact,No Impact,No Impact,No Impact,No Impact,High Impact,High Impact,No Impact,No Impact,No,No,No,No,Yes,Yes,Yes,No,Yes,Yes,Yes,High Impact,High Impact,High Impact,Some Impact,High Impact,Some Impact,High Impact,Some Impact,High Impact,Some Impact,,Criminal Justice,No,No,No,Yes,No,No,3,No,Yes,Yes,No,No,No,Yes,No,man,white/caucasian,19-20
2024/09/12 8:06:56 PM AST,cmp 135 computer concepts with applications,Yes,Yes,Yes,No,Yes,No,No,No,No,No,Yes,No,No,No,No,No,No,High Impact,High Impact,Some Impact,High Impact,No Impact,No Impact,No Impact,High Impact,Some Impact,High Impact,No Impact,No,No,No,No,No,No,Yes,No,No,Yes,No,High Impact,High Impact,High Impact,No Impact,High Impact,High Impact,High Impact,No Impact,No Impact,High Impact,High Impact,Radiography,No,Yes,No,Yes,No,No,4,No,No,No,No,Yes,No,Yes,No,woman,white/caucasian,19-20
2024/09/12 8:08:51 PM AST,cmp 135 computer concepts with applications,Yes,Yes,Yes,No,Yes,No,No,No,No,No,No,No,No,No,No,No,No,No Impact,No Impact,No Impact,No Impact,No Impact,No Impact,No Impact,No Impact,No Impact,No Impact,No Impact,No,No,No,No,No,No,No,Yes,No,No,No,Some Impact,Some Impact,High Impact,Some Impact,No Impact,No Impact,No Impact,No Impact,No Impact,No Impact,No Impact,Radiography,No,No,No,No,No,No,1,No,No,No,No,No,No,No,No,man,hispanic or latino,19-20
2024/09/12 8:15:35 PM AST,cmp 101 computer information literacy,Yes,Yes,Yes,Yes,Yes,Yes,No,No,No,Yes,Yes,Yes,Not Sure,Yes,No,Not Sure,No,High Impact,,No Impact,No Impact,No Impact,No Impact,No Impact,Some Impact,No Impact,No Impact,No Impact,Yes,No,No,No,Yes,Yes,Yes,Yes,No,No,Yes,High Impact,High Impact,High Impact,High Impact,,,,High Impact,No Impact,No Impact,High Impact,Biology,No,Yes,Yes,Yes,No,No,4,Yes,Yes,Yes,Yes,Yes,Yes,Yes,Yes,woman,hispanic or latino,19-20
2024/09/14 9:28:21 PM AST,cmp 135 computer concepts with applications,Yes,Yes,No,No,Yes,No,No,No,No,Yes,Yes,Yes,No,Yes,No,No,No,No Impact,No Impact,No Impact,No Impact,No Impact,No Impact,No Impact,No Impact,No Impact,No Impact,No Impact,Yes,No,No,No,No,Yes,No,No,No,No,No,High Impact,High Impact,High Impact,High Impact,No Impact,Some Impact,Some Impact,No Impact,No Impact,Some Impact,Some Impact,Radiography,No,No,Yes,Yes,No,No,5,No,Yes,No,Yes,Yes,Yes,Yes,Yes,woman,hispanic or latino,25-34
2024/09/15 2:58:37 PM AST,cmp 126 computer technology and applications,Yes,Yes,Yes,No,Yes,No,No,No,No,No,No,No,No,No,No,No,No,No Impact,No Impact,No Impact,No Impact,No Impact,No Impact,No Impact,No Impact,No Impact,No Impact,No Impact,No,No,No,No,No,No,Yes,No,No,No,No,High Impact,High Impact,High Impact,High Impact,High Impact,High Impact,High Impact,High Impact,High Impact,High Impact,High Impact,Criminal Justice,No,No,Yes,Yes,No,No,3,No,Yes,Yes,No,No,Yes,Yes,Yes,man,black/african american,19-20
2024/09/16 12:12:48 PM AST,cmp 101 computer information literacy,Yes,No,No,No,Yes,No,No,No,No,No,No,No,No,No,No,No,No,Some Impact,Some Impact,Some Impact,Some Impact,Some Impact,Some Impact,Some Impact,Some Impact,Some Impact,Some Impact,Some Impact,No,No,No,No,No,No,No,Yes,No,Yes,No,High Impact,High Impact,High Impact,No Impact,No Impact,High Impact,High Impact,High Impact,No Impact,Some Impact,High Impact,Liberal Arts,No,No,No,No,No,No,3,No,No,No,No,No,No,No,No,man,white/caucasian,35-64
2024/09/16 12:33:11 PM AST,cmp 126 computer technology and applications,Yes,Yes,No,No,Yes,No,No,No,No,Yes,No,Not Sure,No,Yes,Yes,No,No,Some Impact,No Impact,No Impact,No Impact,No Impact,No Impact,No Impact,Some Impact,No Impact,No Impact,No Impact,No,No,No,No,No,No,No,No,No,Yes,Yes,High Impact,High Impact,Some Impact,No Impact,Some Impact,No Impact,Some Impact,No Impact,No Impact,No Impact,No Impact,Broadcasting Arts and Technology,No,No,No,Yes,No,No,2,No,No,No,Yes,No,No,No,Yes,woman,white/caucasian,19-20
2024/09/16 4:07:09 PM AST,cmp 101 computer information literacy,No,Yes,No,No,No,No,No,No,No,Yes,Yes,No,No,No,No,No,No,No Impact,No Impact,No Impact,No Impact,No Impact,No Impact,No Impact,No Impact,No Impact,No Impact,No Impact,Yes,No,No,No,No,No,No,No,No,No,No,High Impact,High Impact,No Impact,High Impact,No Impact,No Impact,No Impact,No Impact,High Impact,No Impact,No Impact,Liberal Arts,No,No,No,No,No,No,1,No,No,No,No,No,No,No,No,woman,white/caucasian,25-34
2024/09/16 10:12:54 PM AST,cmp 101 computer information literacy,Yes,Yes,Yes,No,Yes,No,No,No,No,Yes,Yes,No,No,No,No,No,No,Some Impact,,Some Impact,,Some Impact,,,High Impact,High Impact,Some Impact,Some Impact,Yes,Yes,No,No,Yes,Yes,Yes,Yes,No,No,Yes,High Impact,High Impact,High Impact,High Impact,High Impact,Some Impact,High Impact,Some Impact,Some Impact,High Impact,Some Impact,Not in a degree program,Yes,No,No,No,No,No,3,No,No,Yes,No,Yes,No,Yes,No,woman,hispanic or latino,18 and younger
2024/09/17 7:53:12 AM AST,cmp 126 computer technology and applications,Yes,Yes,No,No,Yes,Yes,No,No,Yes,Yes,Yes,No,No,No,No,No,No,Some Impact,No Impact,No Impact,No Impact,No Impact,No Impact,No Impact,Some Impact,No Impact,No Impact,Some Impact,No,No,No,No,No,No,Yes,No,Yes,Yes,Yes,High Impact,Some Impact,High Impact,High Impact,High Impact,No Impact,High Impact,No Impact,No Impact,No Impact,No Impact,Criminal Justice,No,Yes,Yes,No,No,No,4,No,Yes,Yes,Yes,Yes,Yes,Yes,Yes,man,white/caucasian,19-20
2024/09/18 12:06:47 PM AST,cmp 126 computer technology and applications,Yes,Yes,Yes,Yes,Yes,Yes,Yes,No,No,No,Yes,Yes,No,No,Not Sure,Not Sure,Not Sure,High Impact,No Impact,High Impact,No Impact,No Impact,No Impact,No Impact,High Impact,High Impact,,,Yes,Yes,No,No,Yes,No,Yes,No,No,No,Yes,Some Impact,High Impact,High Impact,Some Impact,No Impact,Some Impact,High Impact,No Impact,,Some Impact,High Impact,Culinary Arts and Sciences,Don't recall,Yes,Yes,Yes,No,No,3,No,Yes,Yes,No,Yes,Yes,Yes,No,man,asian,21-24
2024/09/18 2:57:56 PM AST,cmp 135 computer concepts with applications,Yes,Yes,No,No,Yes,No,No,No,No,No,No,Not Sure,No,No,No,No,No,High Impact,,,,,High Impact,,Some Impact,,,,No,Yes,No,No,No,No,Yes,No,No,No,Yes,High Impact,High Impact,High Impact,No Impact,No Impact,No Impact,Some Impact,High Impact,No Impact,Some Impact,No Impact,Radiography,No,No,No,No,No,No,2,Yes,Yes,Yes,Yes,No,Yes,No,No,woman,black/african american,19-20
2024/09/18 4:12:53 PM AST,cmp 101 computer information literacy,Yes,Yes,Yes,No,Yes,Yes,Yes,No,Yes,Yes,Yes,No,No,No,No,No,No,Some Impact,Some Impact,No Impact,No Impact,No Impact,Some Impact,No Impact,Some Impact,No Impact,No Impact,Some Impact,No,No,No,No,Yes,No,Yes,Yes,Yes,No,No,High Impact,High Impact,High Impact,High Impact,High Impact,High Impact,High Impact,Some Impact,Some Impact,Some Impact,High Impact,Nursing,Don't recall,Don't recall,Yes,Yes,Don't recall,Don't recall,3,Yes,Yes,Yes,Yes,Yes,Yes,No,No,woman,hispanic or latino,21-24
2024/09/19 9:12:47 AM AST,cmp 126 computer technology and applications,Yes,No,No,No,No,No,No,No,No,No,No,No,No,No,No,No,No,No Impact,No Impact,No Impact,No Impact,No Impact,No Impact,No Impact,No Impact,No Impact,No Impact,No Impact,No,No,No,No,No,No,No,No,Yes,No,No,High Impact,High Impact,High Impact,Some Impact,No Impact,No Impact,High Impact,No Impact,No Impact,Some Impact,No Impact,Broadcasting Arts and Technology,No,No,No,No,No,No,1,No,No,No,No,No,No,No,No,prefer not to say,white/caucasian,19-20
2024/09/19 9:15:33 AM AST,cmp 126 computer technology and applications,Yes,Yes,Yes,No,No,No,No,No,No,No,No,Yes,No,No,No,No,No,Some Impact,No Impact,No Impact,No Impact,No Impact,No Impact,No Impact,No Impact,No Impact,No Impact,No Impact,No,No,No,No,No,No,Yes,No,Yes,Yes,Yes,High Impact,High Impact,No Impact,No Impact,High Impact,High Impact,No Impact,Some Impact,Some Impact,High Impact,No Impact,Liberal Arts,Yes,Yes,No,No,No,No,1,No,No,No,No,No,No,No,No,woman,asian;white/caucasian,19-20
2024/09/19 9:21:51 AM AST,cmp 135 computer concepts with applications,Yes,Yes,No,No,Yes,No,No,No,No,Yes,Yes,No,No,No,No,No,No,Some Impact,No Impact,,,,,,,,,,Yes,No,No,No,No,No,Yes,No,No,No,No,Some Impact,High Impact,High Impact,Some Impact,Some Impact,No Impact,No Impact,No Impact,Some Impact,Some Impact,No Impact,Radiography,No,No,Yes,No,No,No,2,No,No,No,No,No,No,No,No,woman,hispanic or latino;white/caucasian,25-34
2024/09/19 9:34:15 AM AST,cmp 126 computer technology and applications,No,Yes,Yes,Yes,No,No,No,Yes,No,Yes,Yes,No,No,No,No,No,No,No Impact,No Impact,No Impact,No Impact,No Impact,No Impact,No Impact,No Impact,No Impact,No Impact,No Impact,No,No,No,No,No,No,Yes,No,Yes,No,No,High Impact,High Impact,No Impact,Some Impact,Some Impact,No Impact,No Impact,No Impact,High Impact,No Impact,No Impact,Liberal Arts,No,No,No,No,No,No,3,No,Yes,No,Yes,Yes,No,Yes,Yes,man,hispanic or latino,25-34
2024/09/19 9:49:38 AM AST,cmp 135 computer concepts with applications,Yes,Yes,Yes,No,Yes,Yes,No,No,No,Yes,No,Yes,Yes,Yes,No,No,Yes,No Impact,No Impact,No Impact,No Impact,No Impact,No Impact,No Impact,Some Impact,Some Impact,No Impact,High Impact,No,No,No,No,Yes,Yes,Yes,No,No,No,Yes,High Impact,High Impact,High Impact,High Impact,High Impact,High Impact,High Impact,No Impact,No Impact,Some Impact,High Impact,History Education,No,Yes,No,Yes,No,No,2,No,Yes,No,Yes,Yes,No,No,Yes,man,white/caucasian,19-20
2024/09/19 10:20:11 AM AST,cmp 126 computer technology and applications,Yes,Yes,No,No,Yes,No,No,No,No,No,No,Yes,No,No,No,No,No,No Impact,No Impact,No Impact,No Impact,No Impact,No Impact,No Impact,No Impact,No Impact,No Impact,No Impact,No,Yes,No,No,Yes,No,Yes,No,Yes,No,Yes,High Impact,High Impact,Some Impact,No Impact,No Impact,No Impact,Some Impact,No Impact,No Impact,No Impact,No Impact,Not in a degree program,No,No,Yes,Yes,No,Yes,3,No,No,Yes,No,No,No,Yes,No,woman,white/caucasian,19-20
2024/09/19 10:58:08 AM AST,cmp 126 computer technology and applications,No,Yes,Yes,Yes,Yes,Yes,No,No,No,Yes,Yes,No,No,No,No,No,No,High Impact,,,,,,,,,,,No,No,No,No,No,No,Yes,No,No,Yes,Yes,High Impact,High Impact,No Impact,No Impact,Some Impact,No Impact,Some Impact,No Impact,No Impact,Some Impact,Some Impact,Biology - Environmental Track,No,No,No,No,No,No,3,No,No,No,Yes,No,Yes,No,Yes,man,choose not to reply,19-20
2024/09/19 11:18:36 AM AST,cmp 101 computer information literacy,Yes,No,No,No,No,No,No,No,No,No,No,No,No,No,No,No,Yes,No Impact,No Impact,No Impact,No Impact,No Impact,No Impact,No Impact,No Impact,No Impact,No Impact,No Impact,Yes,No,No,No,No,No,Yes,No,No,No,Yes,High Impact,Some Impact,High Impact,No Impact,No Impact,No Impact,Some Impact,Some Impact,No Impact,No Impact,No Impact,Nursing,No,No,No,Yes,No,No,3,No,Yes,Yes,No,Yes,Yes,Yes,No,woman,black/african american,18 and younger
2024/09/19 11:20:18 AM AST,cmp 126 computer technology and applications,Yes,Yes,Yes,No,Yes,Yes,No,No,No,Yes,No,Yes,No,Yes,Yes,No,No,High Impact,No Impact,No Impact,No Impact,No Impact,No Impact,No Impact,Some Impact,No Impact,High Impact,Some Impact,Yes,No,No,No,Yes,Yes,Yes,No,Yes,No,Yes,High Impact,Some Impact,High Impact,High Impact,Some Impact,No Impact,High Impact,High Impact,High Impact,High Impact,High Impact,Liberal Arts,No,Yes,Yes,Yes,No,No,2,Yes,No,No,No,No,No,No,No,woman,hispanic or latino;white/caucasian,19-20
2024/09/19 11:40:21 AM AST,cmp 126 computer technology and applications,Yes,Yes,No,No,No,No,No,No,No,No,Yes,Yes,No,No,No,No,Yes,No Impact,No Impact,No Impact,No Impact,No Impact,No Impact,No Impact,No Impact,No Impact,No Impact,No Impact,Yes,No,No,No,No,Yes,Yes,No,No,No,Yes,High Impact,High Impact,No Impact,,No Impact,No Impact,Some Impact,No Impact,No Impact,No Impact,No Impact,Liberal Arts,No,No,No,No,No,No,2,No,No,No,No,No,No,No,No,woman,white/caucasian,19-20
2024/09/19 12:15:33 PM AST,cmp 126 computer technology and applications,Yes,No,No,No,No,No,No,No,No,No,No,Yes,No,Yes,No,No,Yes,No Impact,No Impact,No Impact,No Impact,No Impact,No Impact,No Impact,No Impact,No Impact,No Impact,High Impact,No,No,No,No,No,No,Yes,No,No,No,Yes,High Impact,High Impact,High Impact,High Impact,No Impact,No Impact,No Impact,High Impact,No Impact,No Impact,No Impact,Communication,No,No,No,No,No,No,1,No,No,No,No,No,No,No,No,woman,choose not to reply,19-20
2024/09/19 12:35:00 PM AST,cmp 101 computer information literacy,Yes,Yes,No,No,Yes,No,No,No,Yes,Yes,Yes,No,No,Yes,No,No,No,Some Impact,,,,,,,,,,,No,No,No,No,No,No,Yes,No,Yes,Yes,No,High Impact,High Impact,High Impact,High Impact,High Impact,High Impact,High Impact,Some Impact,Some Impact,High Impact,Some Impact,Child and Family Studies,No,No,No,Yes,No,No,1,No,No,No,No,No,No,No,No,woman,white/caucasian,21-24
2024/09/19 1:14:32 PM AST,cmp 135 computer concepts with applications,Yes,Yes,Yes,No,No,No,No,No,No,Yes,Yes,No,No,No,No,No,No,Some Impact,,,,,,,,,Some Impact,No Impact,Yes,No,No,No,Yes,No,No,No,Yes,No,Yes,Some Impact,High Impact,High Impact,,,Some Impact,High Impact,,,,,Radiography,Yes,No,No,No,No,No,3,Yes,Yes,No,No,Yes,No,No,Yes,woman,hispanic or latino,21-24
2024/09/19 2:00:30 PM AST,cmp 126 computer technology and applications,Yes,Yes,No,No,No,No,No,No,No,Yes,Yes,Yes,No,Yes,No,No,No,No Impact,No Impact,No Impact,No Impact,No Impact,No Impact,No Impact,No Impact,No Impact,No Impact,No Impact,No,Yes,No,No,Yes,No,Yes,No,Yes,Yes,Yes,High Impact,High Impact,High Impact,No Impact,Some Impact,Some Impact,Some Impact,High Impact,No Impact,Some Impact,High Impact,Musical Theatre,No,No,No,Yes,No,No,2,No,No,No,No,No,No,Yes,No,woman,white/caucasian,19-20
2024/09/19 8:00:55 PM AST,cmp 101 computer information literacy,Yes,No,No,No,Yes,No,No,No,No,Yes,Yes,Yes,No,Yes,No,No,No,No Impact,No Impact,No Impact,No Impact,No Impact,No Impact,No Impact,No Impact,No Impact,No Impact,No Impact,Yes,No,No,No,Yes,Yes,Yes,No,Yes,No,Yes,High Impact,High Impact,High Impact,High Impact,High Impact,,,,,,,Nursing,Don't recall,Don't recall,Don't recall,Don't recall,Don't recall,Don't recall,3,No,No,No,No,No,No,No,No,woman,hispanic or latino,19-20
2024/09/19 8:41:25 PM AST,cmp 101 computer information literacy,Yes,Yes,Yes,Yes,Yes,Yes,Yes,No,No,Yes,Yes,No,No,No,No,No,No,Some Impact,Some Impact,Some Impact,Some Impact,Some Impact,Some Impact,Some Impact,Some Impact,Some Impact,Some Impact,Some Impact,Yes,No,No,No,Yes,No,Yes,Yes,Yes,Yes,Yes,Some Impact,Some Impact,Some Impact,Some Impact,Some Impact,Some Impact,Some Impact,Some Impact,Some Impact,Some Impact,Some Impact,Liberal Arts,No,No,No,Yes,No,No,3,Yes,No,No,No,No,No,No,Yes,man,white/caucasian,35-64
2024/09/19 8:44:52 PM AST,cmp 101 computer information literacy,No,No,No,No,No,No,No,No,No,No,No,No,No,No,No,No,No,Some Impact,Some Impact,Some Impact,Some Impact,Some Impact,Some Impact,Some Impact,Some Impact,Some Impact,Some Impact,Some Impact,Yes,No,No,No,No,No,No,Yes,Yes,Yes,Yes,Some Impact,Some Impact,Some Impact,Some Impact,Some Impact,Some Impact,Some Impact,Some Impact,Some Impact,Some Impact,Some Impact,Liberal Arts,No,No,No,No,No,No,3,No,No,No,No,No,No,No,Yes,man,white/caucasian,35-64
2024/09/19 8:59:39 PM AST,cmp 126 computer technology and applications,Yes,No,No,No,No,No,No,No,No,No,No,Yes,No,No,No,No,No,,,,,,,,,,,,No,No,No,No,No,No,Yes,No,No,No,Yes,High Impact,High Impact,,Some Impact,Some Impact,,Some Impact,No Impact,No Impact,No Impact,No Impact,Liberal Arts,No,No,No,No,No,No,3,No,Yes,No,No,No,No,No,No,woman,hispanic or latino,19-20
2024/09/19 9:13:35 PM AST,cmp 126 computer technology and applications,Yes,Yes,Yes,No,Yes,No,No,No,No,Yes,No,No,No,No,No,No,No,No Impact,No Impact,No Impact,No Impact,No Impact,No Impact,No Impact,No Impact,No Impact,No Impact,No Impact,Yes,Yes,No,No,No,No,Yes,No,Yes,No,Yes,High Impact,High Impact,High Impact,High Impact,No Impact,No Impact,Some Impact,High Impact,No Impact,High Impact,No Impact,Early Childhood Education,No,No,No,No,No,Yes,4,Yes,Yes,Yes,No,Yes,No,No,No,woman,hispanic or latino,25-34
2024/09/19 9:53:02 PM AST,cmp 126 computer technology and applications,Yes,Yes,Yes,No,Yes,No,No,No,No,Yes,No,No,No,No,Yes,No,No,No Impact,No Impact,No Impact,No Impact,No Impact,No Impact,No Impact,No Impact,No Impact,No Impact,No Impact,Yes,No,No,No,Yes,No,No,No,No,No,No,High Impact,High Impact,High Impact,High Impact,No Impact,No Impact,Some Impact,No Impact,Some Impact,No Impact,No Impact,Child and Family Studies,No,Yes,Yes,Yes,No,No,2,No,No,No,No,No,No,No,No,woman,white/caucasian,35-64
2024/09/19 9:54:19 PM AST,cmp 126 computer technology and applications,Yes,No,No,Yes,Yes,No,No,No,No,No,No,No,No,No,No,No,No,No Impact,No Impact,No Impact,No Impact,No Impact,No Impact,No Impact,No Impact,No Impact,No Impact,High Impact,No,No,No,No,No,No,No,No,No,No,Yes,High Impact,High Impact,No Impact,High Impact,No Impact,No Impact,No Impact,No Impact,No Impact,No Impact,No Impact,Fire Science ,No,No,No,No,No,Don't recall,2,No,No,No,No,No,No,No,No,man,white/caucasian,21-24
2024/09/19 10:34:09 PM AST,cmp 126 computer technology and applications,Yes,Yes,Yes,No,Yes,Yes,Yes,Yes,Yes,Yes,Yes,No,No,No,No,No,No,Some Impact,Some Impact,Some Impact,No Impact,Some Impact,Some Impact,Some Impact,No Impact,No Impact,No Impact,High Impact,No,No,No,No,No,No,Yes,No,No,No,Yes,High Impact,High Impact,High Impact,High Impact,High Impact,Some Impact,Some Impact,Some Impact,High Impact,No Impact,High Impact,Criminal Justice,Yes,Yes,Yes,Yes,Yes,Don't recall,3,No,Yes,No,No,No,No,Yes,Yes,man,white/caucasian,19-20
2024/09/19 10:34:24 PM AST,cmp 126 computer technology and applications,Yes,No,No,No,No,No,No,No,No,No,No,No,No,No,No,No,No,No Impact,No Impact,No Impact,No Impact,No Impact,No Impact,No Impact,No Impact,No Impact,No Impact,No Impact,Yes,No,No,No,Yes,No,Yes,Yes,Yes,Yes,Yes,High Impact,High Impact,High Impact,High Impact,High Impact,High Impact,High Impact,High Impact,High Impact,High Impact,High Impact,Child and Family Studies,No,Don't recall,Don't recall,No,No,No,1,No,No,No,No,No,No,No,No,woman,white/caucasian,19-20
2024/09/20 8:24:27 AM AST,cmp 126 computer technology and applications,Yes,No,Yes,No,Yes,No,No,No,No,No,No,No,No,No,No,No,No,No Impact,,No Impact,No Impact,No Impact,No Impact,No Impact,,No Impact,,No Impact,Yes,No,No,No,No,No,Yes,No,Yes,Yes,Yes,High Impact,High Impact,High Impact,High Impact,High Impact,High Impact,High Impact,High Impact,No Impact,High Impact,High Impact,Child and Family Studies,Yes,Yes,Yes,Yes,No,No,1,No,No,No,No,No,No,No,No,woman,hispanic or latino,19-20
2024/09/20 3:12:26 PM AST,cmp 126 computer technology and applications,Yes,No,No,No,No,No,No,No,No,No,No,Yes,No,No,No,No,No,,,,,,,,,,,,Yes,No,No,No,No,No,No,No,No,No,No,High Impact,High Impact,,,,,,,,,,Liberal Arts,No,No,No,Yes,No,No,3,No,Yes,No,Yes,Yes,No,No,No,woman,choose not to reply,35-64
2024/09/20 8:42:54 PM AST,cmp 126 computer technology and applications,Yes,Yes,Yes,Yes,Yes,Yes,Yes,Yes,Yes,Yes,Yes,No,No,No,No,No,No,,,,,,,,,,,,No,No,No,No,Yes,No,Yes,Yes,Yes,No,No,High Impact,High Impact,High Impact,High Impact,,,High Impact,,,,,Nursing,Don't recall,Don't recall,Yes,Yes,Yes,Don't recall,5,Yes,Yes,Yes,Yes,Yes,Yes,No,Yes,woman,white/caucasian,25-34
2024/09/20 10:55:34 PM AST,cmp 101 computer information literacy,Yes,Yes,Yes,Yes,No,No,No,No,No,No,Yes,No,No,No,No,No,No,Some Impact,Some Impact,No Impact,No Impact,Some Impact,Some Impact,High Impact,Some Impact,Some Impact,High Impact,No Impact,No,No,No,No,No,No,Yes,No,No,No,No,High Impact,High Impact,High Impact,High Impact,High Impact,High Impact,High Impact,High Impact,High Impact,High Impact,High Impact,Early Childhood Education,Don't recall,Don't recall,Don't recall,Don't recall,Don't recall,Don't recall,3,No,Yes,No,No,No,Yes,Yes,No,woman,hispanic or latino;white/caucasian,21-24
2024/09/20 11:02:45 PM AST,cmp 126 computer technology and applications,Yes,Yes,Yes,No,Yes,Yes,No,No,No,Yes,Yes,Yes,No,No,No,No,No,No Impact,Some Impact,No Impact,No Impact,No Impact,No Impact,No Impact,Some Impact,Some Impact,Some Impact,Some Impact,No,No,No,No,No,No,Yes,No,Yes,Yes,No,High Impact,High Impact,High Impact,High Impact,High Impact,High Impact,Some Impact,High Impact,High Impact,High Impact,Some Impact,Liberal Arts,Don't recall,Don't recall,Don't recall,Don't recall,Don't recall,Don't recall,3,Yes,Yes,Yes,No,No,No,No,No,woman,hispanic or latino,19-20
2024/09/20 11:07:16 PM AST,cmp 126 computer technology and applications,Yes,No,No,No,Yes,No,No,No,No,No,No,Yes,No,Yes,No,No,No,No Impact,No Impact,No Impact,No Impact,No Impact,No Impact,No Impact,No Impact,No Impact,No Impact,No Impact,No,No,No,No,No,Yes,Yes,No,No,No,No,High Impact,High Impact,High Impact,High Impact,No Impact,No Impact,No Impact,Some Impact,No Impact,No Impact,Some Impact,Liberal Arts,No,No,No,No,No,No,1,No,No,No,No,Yes,No,Yes,No,woman,black/african american,19-20
2024/09/21 5:06:23 PM AST,cmp 101 computer information literacy,No,Yes,No,No,No,No,No,No,No,No,Yes,No,No,No,No,No,No,High Impact,Some Impact,Some Impact,No Impact,No Impact,No Impact,No Impact,Some Impact,No Impact,No Impact,No Impact,Yes,No,No,No,No,Yes,Yes,No,Yes,No,Yes,High Impact,High Impact,High Impact,High Impact,No Impact,No Impact,Some Impact,Some Impact,Some Impact,No Impact,No Impact,Nursing,No,No,No,No,No,No,3,No,No,No,No,No,No,No,No,man,hispanic or latino,19-20
2024/09/22 10:08:19 PM AST,cmp 126 computer technology and applications,Yes,Yes,Yes,No,Yes,No,No,No,No,Yes,Yes,No,No,No,Yes,No,No,Some Impact,Some Impact,No Impact,No Impact,No Impact,No Impact,No Impact,No Impact,No Impact,No Impact,No Impact,Yes,No,No,No,Yes,No,Yes,Yes,Yes,No,No,High Impact,High Impact,Some Impact,Some Impact,High Impact,High Impact,High Impact,Some Impact,Some Impact,High Impact,Some Impact,Child and Family Studies,No,No,No,Yes,No,No,5,No,No,No,No,Yes,No,No,Yes,woman,asian,21-24
